timestamp,paciente_id,paciente_nome,paciente_cpf,hr,spo2,pressao_sys,pressao_dia,temp,resp_freq,status
12:00:01.20,PAC002,Maria Santos,987.654.321-00,72,98,120,80,36.5,16,NORMAL
12:00:01.40,PAC002,Maria Santos,987.654.321-00,73,97,122,81,36.6,15,NORMAL
12:00:01.60,PAC002,Maria Santos,987.654.321-00,74,96,124,82,36.7,16,NORMAL
12:00:01.80,PAC002,Maria Santos,987.654.321-00,75,95,126,83,36.8,17,NORMAL
12:00:02.00,PAC002,Maria Santos,987.654.321-00,76,94,128,84,36.9,18,NORMAL
12:00:02.20,PAC002,Maria Santos,987.654.321-00,77,93,130,85,37.0,19,NORMAL
12:00:02.40,PAC002,Maria Santos,987.654.321-00,78,92,132,86,37.1,20,NORMAL
12:00:02.60,PAC002,Maria Santos,987.654.321-00,79,91,134,87,37.2,21,NORMAL
12:00:02.80,PAC002,Maria Santos,987.654.321-00,80,90,136,88,37.3,22,NORMAL
12:00:03.00,PAC002,Maria Santos,987.654.321-00,81,89,138,89,37.4,23,NORMAL 